catppuccin	dark	num	cba6f7	183
catppuccin	dark	date	89b4fa	111
catppuccin	dark	text	a6adc8	146
catppuccin	dark	match_fg	1e1e2e	235
catppuccin	dark	match_bg	f9e2af	223
catppuccin	dark	key	94e2d5	116
catppuccin	dark	path	7f849c	103
catppuccin	dark	bad	f38ba8	211
catppuccin	dark	note	fab387	216
catppuccin	dark	surface	313244	236
catppuccin	dark	text_on_surface	cdd6f4	189
catppuccin	dark	crust	11111b	233
catppuccin	light	num	8839ef	99
catppuccin	light	date	1e66f5	27
catppuccin	light	text	5c5f77	60
catppuccin	light	match_fg	eff1f5	255
catppuccin	light	match_bg	df8e1d	172
catppuccin	light	key	179299	30
catppuccin	light	path	8c8fa1	246
catppuccin	light	bad	d20f39	161
catppuccin	light	note	fe640b	202
catppuccin	light	surface	ccd0da	252
catppuccin	light	text_on_surface	4c4f69	60
catppuccin	light	crust	dce0e8	254
gruvbox	dark	num	d3869b	174
gruvbox	dark	date	83a598	108
gruvbox	dark	text	a89984	138
gruvbox	dark	match_fg	282828	235
gruvbox	dark	match_bg	fabd2f	214
gruvbox	dark	key	8ec07c	108
gruvbox	dark	path	928374	244
gruvbox	dark	bad	fb4934	203
gruvbox	dark	note	fe8019	208
gruvbox	dark	surface	3c3836	237
gruvbox	dark	text_on_surface	ebdbb2	223
gruvbox	dark	crust	1d2021	234
gruvbox	light	num	8f3f71	95
gruvbox	light	date	076678	24
gruvbox	light	text	7c6f64	242
gruvbox	light	match_fg	fbf1c7	230
gruvbox	light	match_bg	b57614	136
gruvbox	light	key	427b58	65
gruvbox	light	path	928374	244
gruvbox	light	bad	9d0006	124
gruvbox	light	note	af3a03	130
gruvbox	light	surface	ebdbb2	223
gruvbox	light	text_on_surface	3c3836	237
gruvbox	light	crust	f9f5d7	230
nord	dark	num	b48ead	139
nord	dark	date	81a1c1	109
nord	dark	text	d8dee9	254
nord	dark	match_fg	2e3440	237
nord	dark	match_bg	88c0d0	110
nord	dark	key	88c0d0	110
nord	dark	path	616e88	60
nord	dark	bad	bf616a	131
nord	dark	note	d08770	173
nord	dark	surface	3b4252	238
nord	dark	text_on_surface	eceff4	255
nord	dark	crust	2e3440	236
nord	light	num	9a5f96	96
nord	light	date	5e81ac	67
nord	light	text	4c566a	240
nord	light	match_fg	2e3440	237
nord	light	match_bg	ebcb8b	186
nord	light	key	4c7f8f	66
nord	light	path	7b88a1	103
nord	light	bad	bf616a	131
nord	light	note	c5714f	167
nord	light	surface	e5e9f0	254
nord	light	text_on_surface	2e3440	236
nord	light	crust	eceff4	255
solarized	dark	num	d33682	168
solarized	dark	date	268bd2	32
solarized	dark	text	839496	246
solarized	dark	match_fg	002b36	235
solarized	dark	match_bg	b58900	136
solarized	dark	key	2aa198	36
solarized	dark	path	586e75	242
solarized	dark	bad	dc322f	166
solarized	dark	note	cb4b16	166
solarized	dark	surface	073642	236
solarized	dark	text_on_surface	93a1a1	247
solarized	dark	crust	002b36	234
solarized	light	num	d33682	168
solarized	light	date	268bd2	32
solarized	light	text	657b83	66
solarized	light	match_fg	fdf6e3	230
solarized	light	match_bg	b58900	136
solarized	light	key	2aa198	36
solarized	light	path	93a1a1	247
solarized	light	bad	dc322f	166
solarized	light	note	cb4b16	166
solarized	light	surface	eee8d5	254
solarized	light	text_on_surface	586e75	242
solarized	light	crust	fdf6e3	230
tokyonight	dark	num	bb9af7	141
tokyonight	dark	date	7aa2f7	111
tokyonight	dark	text	a9b1d6	146
tokyonight	dark	match_fg	c0caf5	153
tokyonight	dark	match_bg	3d59a1	61
tokyonight	dark	key	7dcfff	117
tokyonight	dark	path	565f89	60
tokyonight	dark	bad	f7768e	210
tokyonight	dark	note	ff9e64	215
tokyonight	dark	surface	292e42	236
tokyonight	dark	text_on_surface	c0caf5	153
tokyonight	dark	crust	16161e	233
tokyonight	light	num	9854f1	99
tokyonight	light	date	2e7de9	32
tokyonight	light	text	6172b0	61
tokyonight	light	match_fg	e1e2e7	254
tokyonight	light	match_bg	8c6c3e	95
tokyonight	light	key	007197	24
tokyonight	light	path	848cb5	103
tokyonight	light	bad	f52a65	197
tokyonight	light	note	b15c00	130
tokyonight	light	surface	c4c8da	252
tokyonight	light	text_on_surface	3760bf	25
tokyonight	light	crust	e9e9ec	255
everforest	dark	num	d699b6	175
everforest	dark	date	7fbbb3	109
everforest	dark	text	9da9a0	248
everforest	dark	match_fg	2d353b	237
everforest	dark	match_bg	a7c080	144
everforest	dark	key	83c092	108
everforest	dark	path	859289	245
everforest	dark	bad	e67e80	174
everforest	dark	note	e69875	174
everforest	dark	surface	3d484d	238
everforest	dark	text_on_surface	d3c6aa	187
everforest	dark	crust	232a2e	235
everforest	light	num	df69ba	169
everforest	light	date	3a94c5	68
everforest	light	text	829181	102
everforest	light	match_fg	fdf6e3	230
everforest	light	match_bg	8da101	106
everforest	light	key	35a77c	72
everforest	light	path	939f91	246
everforest	light	bad	f85552	203
everforest	light	note	f57d26	208
everforest	light	surface	e6e2cc	253
everforest	light	text_on_surface	5c6a72	242
everforest	light	crust	f4f0d9	230
edge	dark	num	d38aea	176
edge	dark	date	6cb6eb	74
edge	dark	text	a0a8b7	248
edge	dark	match_fg	2c2e34	236
edge	dark	match_bg	a0c980	150
edge	dark	key	5dbbc1	73
edge	dark	path	7f8490	102
edge	dark	bad	ec7279	204
edge	dark	note	deb974	180
edge	dark	surface	3b3e48	238
edge	dark	text_on_surface	c5cdd9	252
edge	dark	crust	222327	235
edge	light	num	b05ccc	134
edge	light	date	5079be	67
edge	light	text	6c7483	243
edge	light	match_fg	fafafa	231
edge	light	match_bg	608e32	65
edge	light	key	3a8b84	66
edge	light	path	8790a0	246
edge	light	bad	d05858	167
edge	light	note	be7e05	136
edge	light	surface	dde2e7	254
edge	light	text_on_surface	4b505b	239
edge	light	crust	eef1f4	255
lucius	dark	num	d7afd7	182
lucius	dark	date	87afd7	110
lucius	dark	text	bcbcbc	250
lucius	dark	match_fg	303030	236
lucius	dark	match_bg	d7d7af	187
lucius	dark	key	87d7d7	116
lucius	dark	path	808080	244
lucius	dark	bad	d78787	174
lucius	dark	note	d7af87	180
lucius	dark	surface	444444	238
lucius	dark	text_on_surface	d7d7d7	188
lucius	dark	crust	262626	235
lucius	light	num	870087	90
lucius	light	date	005faf	25
lucius	light	text	585858	240
lucius	light	match_fg	eeeeee	255
lucius	light	match_bg	af8700	136
lucius	light	key	008787	30
lucius	light	path	808080	244
lucius	light	bad	af0000	124
lucius	light	note	af5f00	130
lucius	light	surface	dadada	253
lucius	light	text_on_surface	444444	238
lucius	light	crust	e4e4e4	254
papercolor	dark	num	af87d7	140
papercolor	dark	date	5fafd7	74
papercolor	dark	text	bcbcbc	250
papercolor	dark	match_fg	1c1c1c	234
papercolor	dark	match_bg	d7af5f	179
papercolor	dark	key	00afaf	37
papercolor	dark	path	808080	244
papercolor	dark	bad	df0000	160
papercolor	dark	note	ff8700	208
papercolor	dark	surface	3a3a3a	237
papercolor	dark	text_on_surface	d0d0d0	252
papercolor	dark	crust	121212	233
papercolor	light	num	8700af	91
papercolor	light	date	0087af	31
papercolor	light	text	585858	240
papercolor	light	match_fg	eeeeee	255
papercolor	light	match_bg	d75f00	166
papercolor	light	key	005f87	24
papercolor	light	path	878787	102
papercolor	light	bad	af0000	124
papercolor	light	note	d75f00	166
papercolor	light	surface	d0d0d0	252
papercolor	light	text_on_surface	444444	238
papercolor	light	crust	e4e4e4	254
pencil	dark	num	6855de	62
pencil	dark	date	20bbfc	39
pencil	dark	text	b2b2b2	249
pencil	dark	match_fg	212121	234
pencil	dark	match_bg	f3e430	221
pencil	dark	key	4fb8cc	74
pencil	dark	path	6c6c6c	242
pencil	dark	bad	e32791	162
pencil	dark	note	f3e430	221
pencil	dark	surface	303030	236
pencil	dark	text_on_surface	f1f1f1	255
pencil	dark	crust	1c1c1c	234
pencil	light	num	523c79	60
pencil	light	date	008ec4	32
pencil	light	text	626262	241
pencil	light	match_fg	f1f1f1	255
pencil	light	match_bg	a89c14	142
pencil	light	key	20a5ba	37
pencil	light	path	9e9e9e	247
pencil	light	bad	c30771	125
pencil	light	note	a89c14	142
pencil	light	surface	d9d9d9	253
pencil	light	text_on_surface	424242	238
pencil	light	crust	e5e5e5	254
xterm	dark	num	d75fd7	170
xterm	dark	date	005faf	25
xterm	dark	text	a8a8a8	248
xterm	dark	match_fg	ffff00	226
xterm	dark	key	00afd7	38
xterm	dark	path	6c6c6c	242
xterm	dark	bad	ff5f5f	203
xterm	dark	note	d7af5f	179
xterm	dark	surface	3a3a3a	237
xterm	dark	text_on_surface	d0d0d0	252
xterm	dark	crust	121212	233
xterm	light	num	af00af	127
xterm	light	date	005faf	25
xterm	light	text	585858	240
xterm	light	match_fg	af5f00	130
xterm	light	key	0087af	31
xterm	light	path	8a8a8a	245
xterm	light	bad	d70000	160
xterm	light	note	af5f00	130
xterm	light	surface	d0d0d0	252
xterm	light	text_on_surface	303030	236
xterm	light	crust	eeeeee	255
